Transacciones_ATM,ticket_promedio_diarioATM,Monto_Neto_ATM
200694,90.645071602,18191922
201571,80.848410734,16296695
140889,66.812391315,9413131
192787,80.523380726,15523861
173573,77.321034954,13420844
169216,71.756872873,12142411
196178,80.158029952,15725242
122186,74.657939535,9122155
192241,80.322933193,15441361
123102,63.466198762,7812816
170742,76.849310656,13121405
213205,96.587716048,20592984
264924,101.238910027,26820617
337097,111.154940566,37469997
263594,93.673566166,24691790
227229,84.773087942,19262904
143848,67.261470441,9675428
178193,74.765136678,13322624
188905,78.659797253,14859229
169885,68.41479236,11622647
155519,68.585979848,10666423
198218,78.851486747,15629784
198523,84.408698236,16757068
123978,64.051839843,7941019
152523,70.441028566,10743877
163847,78.394441155,12844694
215507,93.748272678,20203409
259923,103.656032748,26942587
365569,113.575683387,41519749
269822,96.893159194,26143906
155401,74.611379592,11594683
198277,85.571140374,16966789
174990,80.101525801,14016966
169710,73.202221437,12423149
184147,78.491797314,14454029
186890,78.563748729,14682779
192300,83.361773271,16030469
122310,64.887180116,7936351
151740,72.185969421,10953499
170908,78.375143352,13394939
166205,73.684564243,12246743
245945,102.666222123,25250244
406057,124.30978902,50476860
276385,105.409179225,29133516
126535,73.600173865,9312998
124098,66.705305484,8277995
170421,75.4380094,12856221
200357,79.582510219,15944913
228113,84.216454126,19210868
232305,86.263309012,20039398
155887,69.148171432,10779301
209640,78.03665331,16359604
186560,75.148842196,14019768
207480,76.661437247,15905715
236746,96.809297728,22919214
392846,120.117847706,47187816
339766,111.135051771,37759912
171052,82.16942801,14055245
227352,90.919204581,20670663
188116,83.631674073,15732456
183553,76.462858139,14034987
189681,78.452196055,14880891
197923,78.668229564,15570252
205358,84.025764762,17255363
132633,64.095956512,8501239
155876,70.343413996,10964850
172039,76.904138015,13230511
160176,68.908556837,11037497
221928,96.715042717,21463776
362466,116.734444058,42312267
332423,109.051470566,36251217
184392,81.385813918,15006893
218080,83.35431493,18177909
183543,76.98729453,14130479
174882,69.85955673,12217179
162956,68.744280665,11202293
217306,80.705751337,17537844
208675,83.281471187,17378761
135200,62.703846154,8477560
150544,68.283471942,10279667
147513,69.183109285,10205408
180219,75.711684118,13644684
166617,75.250466639,12538007
312633,110.503673637,34547095
278119,99.571640197,27692765
185758,83.135515025,15443087
312286,109.003727352,34040338
245656,93.203569219,22896016
231587,89.103671622,20635252
242409,94.553964581,22920732
143732,72.172327665,10373473
126245,63.081508179,7963725
176000,74.972857955,13195223
168409,74.035342529,12468218
167029,72.737847919,12149330
216538,86.529556013,18736937
193509,93.383455033,18070539
180224,83.817543723,15105933
147395,71.220719834,10497578
202605,86.692051035,17564243
286526,109.828996321,31468863
401771,120.761371528,48518417
272719,94.481007924,25766766
249503,85.874791085,21426018
259875,87.50989899,22741635
170553,68.552414792,11691820
198641,74.691221852,14836739
174653,68.992631103,12049770
172462,64.152346604,11063842
168172,66.945656828,11258385
215217,82.732339917,17805406
220887,82.196892529,18156225
144358,65.552113496,9462972
178666,75.324001209,13457838
233863,99.90839081,23364876
281326,102.615094232,28868294
381065,114.474590949,43622260
185130,90.375844002,16731280
234661,91.263085898,21415887
147572,71.391876508,10535442
202011,83.79363995,16927237
196068,82.012118245,16079952
171084,70.805814688,12113742
166057,70.326369861,11678186
209063,81.182208234,16972196
211873,81.738130861,17318103
135406,63.464359039,8593455
157301,69.40699042,10917789
167970,77.333232125,12989663
223025,97.09268916,21654097
282027,103.134788513,29086795
374848,112.02786196,41993420
274598,94.608758986,25979376
161048,72.655140082,11700965
197722,75.516245031,14931223
169570,69.861939022,11846489
191604,72.658013403,13921566
155639,69.41237736,10803273
199446,79.37295308,15830618
193717,75.213130494,14570062
130072,64.191063411,8349460
173220,75.740330216,13119740
162983,74.956142665,12216577
227467,94.980278458,21604879
220026,92.109109832,20266399
374018,112.485607645,42071642
327863,107.264723375,35168134
172502,81.806622532,14111806
212219,87.231411891,18512163
180862,79.789375325,14430866
175994,73.245400411,12890751
161910,74.066709901,11992141
219408,87.573721104,19214375
204091,80.404986011,16409934
128845,64.714059529,8338083
153839,70.800232711,10891837
146231,72.505740917,10602587
178113,75.120614441,13379958
158857,71.885985509,11419592
308762,108.307952403,33441380
293532,99.867670305,29314357
192711,84.236577051,16233315
322655,107.803303838,34783275
223172,82.681716344,18452244
189440,72.275918497,13691950
178111,71.835815868,12794749
230194,82.52988349,18997884
225945,79.511456328,17965216
128670,60.440467864,7776875
157099,67.754524217,10644168
149885,69.015398472,10344373
153005,65.713577988,10054506
184852,76.929457079,14220564
265138,99.513370396,26384776
213086,96.072341684,20471671
184031,84.429661307,15537675
259628,102.367841681,26577558
327393,110.214314295,36083395
240812,86.46601083,20822053
199892,79.884947872,15968362
240636,87.004887049,20936508
224001,81.563631412,18270335
143101,64.333575586,9206199
163360,70.780080803,11562634
151116,69.625274623,10521493
154019,65.267830592,10052486
150557,68.267526585,10278154
205343,82.013538324,16840906
224811,95.445445285,21457186
151150,75.699986768,11442053
195092,86.054456359,16788536
289610,106.809122613,30932990
345663,107.381197872,37117707
232854,84.668324358,19715358
234092,83.78787827,19614072
229949,81.769235787,18802754
146650,63.473937947,9308453
182186,73.915267913,13466327
169296,70.208563699,11886029
159460,64.544431205,10292255
148307,66.031610106,9792950
208234,80.528770518,16768828
205989,82.596085228,17013885
132476,64.408187143,8532539
171388,75.482344155,12936768
226686,100.717582912,22831266
293093,104.462812145,30617319
331927,108.169868676,35904500
294370,94.691745083,27874409
249366,87.336260757,21778694
158967,68.343398315,10864345
195924,81.33564035,15935604
175517,77.401995248,13585366
206301,77.157556192,15917681
177879,71.336099258,12689194
226727,81.188221959,18407562
266234,85.365328996,22727153
176263,67.752778518,11942308
229996,77.121836902,17737714
194857,70.752988089,13786715
247047,90.499803681,22357705
255566,96.557143752,24676723
402860,123.143700045,49609671
377666,118.1970789,44639018
201084,86.962423664,17486752
247090,89.068707758,22007987
215708,78.911885512,17021925
205015,69.530034388,14254700
214717,74.897958708,16081865
214420,74.67664397,16012166
220623,77.747057197,17152789
140954,61.794663507,8710205
169103,66.322247388,11215291
184414,74.171207175,13678209
182401,69.213381506,12624590
249946,95.126823394,23776569
382791,111.339697119,42619834
340247,104.876971729,35684075
195562,81.515432446,15941321
245019,89.888784135,22024460
205659,84.387116538,17354970
194621,75.181378166,14631875
177366,74.444966905,13204006
230703,81.440557773,18788581
210248,82.470154294,17339185
134570,62.999405514,8477830
160134,69.521207239,11132709
150831,68.305043393,10302518
154456,66.656665976,10295522
172518,77.4035405,13353504
295325,105.930805045,31284015
252689,94.037856812,23762332
166506,78.973562514,13149572
258809,101.150953019,26178777
311672,107.704477784,33568470
243166,85.247222062,20729226
203800,77.200230618,15733407
230421,82.626418599,19038862
224983,80.877546303,18196073
146886,62.974422341,9250061
171780,68.90374316,11836285
149183,67.141664935,10016395
156018,63.56010204,9916520
155575,67.441806203,10492259
238387,86.82505338,20697964
242830,94.113552691,22853594
155588,75.339897678,11721984
198513,87.231178814,17316523
299225,108.388035759,32432410
347371,107.824919179,37455250
239249,89.371888702,21382135
244230,85.347987553,20844539
239416,84.250651586,20170954
141967,69.042319694,9801731
193464,77.357647934,14965920
156483,70.08733217,10967476
164698,67.798819658,11166330
169149,66.210045581,11199363
207700,82.386461242,17111668
236302,92.149592471,21775133
150723,74.459127008,11222703
195423,82.882690369,16197184
200264,87.046588503,17432298
288320,102.382047725,29518792
335368,107.378876339,36011439
261078,88.168225588,23018784
243334,84.425719382,20543648
156396,66.315404486,10371464
181967,70.739123028,12872186
195914,74.739472422,14642509
166360,65.425595095,10884202
165259,68.730483665,11358331
213340,82.509473141,17602571
206908,81.299843409,16821588
139914,63.360878826,8865074
169155,72.58156129,12277534
227164,99.366858305,22572573
223647,88.527657424,19798945
295228,104.487541832,30847648
373266,110.204026083,41135416
293995,100.378645895,29510820
168100,77.690339084,13059746
219578,87.907568153,19302568
122768,65.015639255,7981840
134613,62.153707294,8366697
118366,65.049237112,7699618
194235,85.403073596,16588266
188579,79.301767429,14954648
124737,63.60451991,7933837
202938,82.418206546,16725786
129354,69.891012261,9040682
219952,91.162580927,20051392
226509,93.271062077,21126735
358660,112.94693024,40509546
351083,108.821304364,38205310
181710,81.946425623,14890485
229218,84.657374203,19404994
186864,75.198117347,14051821
187168,69.159696102,12944482
173739,69.360235756,12050578
236804,83.20536393,19703363
215869,77.935053204,16823762
141095,63.044594068,8895277
163383,68.294718545,11158196
156118,70.423500173,10994376
200534,77.48853561,15539086
244782,98.917681856,24213268
386700,116.240129299,44950058
249974,95.119296407,23777351
187762,81.665496746,15333677
313629,108.649831489,34075738
243773,94.766852769,23101600
223107,84.181338999,18781446
209681,83.928286302,17598167
284140,100.436316604,28537975
295283,96.415472614,28469850
199537,76.481564823,15260902
282579,84.626299194,23913615
147780,68.266186223,10088377
211862,76.40319642,16186934
231212,86.232332232,19937950
317748,112.556969674,35764752
290717,105.105033417,30555820
201547,90.900990836,18320822
300022,111.875202485,33565022
388849,123.886020023,48172955
301294,97.494337756,29374459
264710,90.551346757,23969847
293007,96.747309791,28347639
271910,91.299900702,24825356
193021,76.305852731,14728632
225585,81.800447725,18452954
222221,81.268507477,18059569
263647,89.499508813,23596277
283044,88.273851415,24985384
200873,91.236900927,18327030
156281,75.233156942,11757513
234541,96.37917038,22604867
321191,116.706760152,37485161
398771,114.521597609,45667892
328765,96.824166198,31832397
180770,78.092648116,14116808
148429,66.124861045,9814847
214332,83.952284307,17993661
214086,84.614393281,18114757
191406,73.80539795,14126796
177761,74.278531286,13203826
241586,84.335060807,20374170
143009,73.966932151,10577937
140981,62.464580334,8806319
177750,71.990014065,12796225
174867,77.053057467,13474037
231832,95.675428759,22180626
295842,106.329997093,31456879
369020,111.682467075,41213064
274496,90.741934309,24908298
165039,70.997073419,11717286
208874,78.929560405,16486333
182232,74.295453049,13539009
209184,76.044621004,15907318
177308,72.024031629,12770437
196596,77.353033632,15207297
202736,78.6789766,15951061
133957,61.84268086,8284260
188691,76.736230133,14479436
167032,72.140476076,12049768
186067,75.554450816,14058190
249501,101.198880966,25249222
395911,115.170732816,45597360
336726,105.685726674,35587132
184600,78.971386782,14578118
224206,88.842787437,19919086
196356,82.755709018,16249580
191763,78.256738787,15006747
206583,84.755342889,17509013
243529,93.265561802,22712869
194240,87.688962109,17032704
112060,67.309842941,7542741
115489,63.866896414,7375924
169615,76.578162309,12988805
200817,82.752431318,16618095
312379,109.508420861,34208131
281533,96.272593266,27103912
184061,78.118498759,14378569
316490,107.866592941,34138698
235484,86.571440098,20386189
206300,75.127115851,15498724
187528,73.078654921,13704294
235013,81.876815325,19242116
227245,80.589113072,18313473
142311,61.957705307,8817263
175014,71.038002674,12432645
266863,84.596234772,22575605
201341,69.834916882,14060632
250586,93.429158054,23412039
331086,108.707112351,35991403
310100,102.791106095,31875522
207554,85.784403095,17804896
315125,110.363484332,34778293
246894,94.299509101,23281983
212469,80.741392862,17155043
191985,78.409948694,15053534
233398,84.733828053,19776706
230762,83.627143984,19297967
149855,64.517546962,9668277
174160,82.89107717,14436310
164493,79.30500386,13045118
165935,75.332160183,12500242
190532,80.850634014,15404633
269609,101.554721838,27380067
265915,95.505296805,25396291
184067,79.15734488,14570255
270101,101.664766143,27459755
340730,111.371112024,37947479
253427,84.455945894,21403417
212971,76.034192449,16193078
252106,80.776427376,20364222
235025,80.621236039,18948006
153844,63.108681522,9708892
178388,69.874672063,12464803
172128,72.19581939,12426922
211606,82.215197112,17397229
273546,101.182133901,27677968
176055,81.182124904,14292519
142750,72.02593345,10281702
232904,91.286796277,21261060
258189,102.160184981,26376636
331463,110.927352374,36768313
270012,92.291857399,24919909
245985,89.276012765,21960560
239942,86.417163314,20735107
157631,66.81738998,10532492
181915,76.006057774,13826642
206399,80.147059821,16542273
181122,68.870722496,12474003
174234,71.436045778,12446588
218978,83.515111107,18287972
229580,82.827676627,19015578
147012,63.129139118,9280741
175614,72.316375688,12699768
188884,79.460319561,15008783
264822,98.520459025,26090385
344549,112.145027268,38639457
404567,124.203783304,50248752
334367,103.493176659,34604703
198676,77.930525076,15482925
231835,81.572911769,18911456
205439,74.411947099,15287116
228608,74.858740726,17113307
200726,70.289927563,14109016
223541,78.220916968,17485582
221597,78.746323281,17449949
155488,63.207257152,9827970
195697,73.540161576,14391589
180541,71.962041863,12992099
252978,92.983765387,23522847
273732,97.038680169,26562592
383258,111.077149075,42571206
346972,108.152409993,37525858
169729,75.675954021,12844404
155831,76.38179823,11902652
228327,86.449399326,19738732
200354,76.84520898,15396245
216415,82.671422961,17891336
205503,81.023191876,16650509
205860,82.262591081,16934577
139621,63.788971573,8906280
167774,70.434781313,11817125
185331,76.094026364,14102582
179829,67.386061203,12117968
251960,98.357675822,24782200
385377,116.424773663,44867430
362862,110.536129438,40109361
208403,81.909463875,17070178
256231,94.481826945,24209173
211787,83.333991227,17649056
191391,72.445433693,13865404
188240,71.186772206,13400198
235029,83.313931472,19581190
223283,80.09479002,17883805
142305,62.094993149,8836428
162650,67.657811251,11004543
133014,66.112025802,8793825
197822,76.818270971,15196344
227293,92.695142393,21068957
335963,108.362233341,36405701
182697,81.157889839,14827303
314466,107.425044361,33781524
250815,91.23226681,22882421
208159,81.29838729,16922991
200582,79.403745102,15926962
233492,88.061950731,20561761
232645,84.373496099,19629072
143006,66.200299288,9467040
172334,75.346106978,12984696
170774,73.435862602,12540936
163224,68.286802186,11146045
158612,71.419722341,11328025
219250,82.981860889,18193773
240980,93.902029214,22628511
158898,74.338009289,11812161
203568,88.9150112,18100251
289938,111.847584656,32428865
374332,111.498552087,41737476
263233,88.590169166,23319856
247387,84.185349271,20826361
260389,83.925292543,21853223
148949,65.110380063,9698126
202527,75.701141082,15331525
179148,71.868337911,12875069
175667,65.949728748,11585191
171484,67.139371603,11513328
216467,79.477269053,17204206
220594,83.491364226,18417694
130074,64.346656519,8369827
190509,76.126319491,14502749
247815,102.051300365,25289843
315469,109.701939018,34607561
364058,110.635508628,40277742
283193,97.500962241,27611590
255564,89.70826877,22926204
160275,68.920368117,11046212
194028,78.257648381,15184175
214159,81.23447065,17397093
184859,68.70776646,12701249
172417,70.230267317,12108892
211422,78.507444826,16598201
218122,80.821205564,17628883
139184,63.651705656,8859299
186910,89.683302124,16762706
183019,87.241248176,15966806
249834,101.065067205,25249490
316781,111.627143042,35361358
378785,114.783148752,43478135
291454,95.666084528,27882263
172296,73.220504249,12615600
208905,78.906972069,16484061
188519,74.036182029,13957227
216502,75.796842523,16410168
177528,71.326652697,12662478
201500,76.509707196,15416706
207945,79.072168121,16442662
143079,63.765080829,9123444
185802,74.345152366,13813478
171035,71.581676265,12242972
241182,95.822117737,23110570
248920,94.34597461,23484600
385490,115.275931931,44437719
345987,108.372427288,37495451
197663,79.499840638,15714177
236162,87.520282687,20668965
202786,81.143831428,16454833
192532,73.446751709,14140850
189995,73.483065344,13961415
268721,86.358129807,23206243
283362,83.675069346,23710335
175871,65.928385009,11594891
219949,75.051043651,16507402
196710,71.563875756,14077330
227082,74.766322298,16978086
249756,90.66130143,22643204
375649,116.554685358,43783651
343656,109.729185581,37709093
225400,89.372062999,20144463
358887,119.14357444,42759080
288495,93.84428153,27073606
240227,77.05638417,18511024
214568,72.906076395,15643311
256225,80.137831984,20533316
257719,79.683678735,20535998
166354,61.576878224,10243560
192988,68.684467428,13255278
184445,66.825031852,12325543
183749,64.467229754,11845789
210932,76.204198509,16073904
279866,98.858514432,27667137
291207,96.95816378,28234896
187027,78.21825191,14628925
269470,100.495851115,27080617
344873,110.670507694,38167270
274888,91.733087658,25216325
233646,83.554334335,19522136
248850,82.994514768,20653185
244482,84.324661938,20615862
161496,66.617389904,10758442
204804,78.864109099,16151685
176561,71.973244374,12707668
178228,67.718736674,12069375
173844,69.721675755,12120695
216910,83.579526071,18129235
253928,91.335669954,23192684
152732,75.682293167,11559108
224140,102.643008834,23006404
235153,98.88009934,23251952
307542,108.421305058,33344105
351097,112.444241905,39478836
294393,92.153580418,27129369
255519,84.76732063,21659661
164516,66.127987551,10879112
197189,73.127162266,14419872
210799,77.174436311,16268294
174215,66.894635938,11654049
182111,69.426338881,12643300
223545,81.918070187,18312375
219730,82.399626815,18105670
143648,63.115184339,9066370
170445,71.022717005,12105467
186973,80.095152776,14975631
260405,99.112851136,25809482
325301,110.787043384,36039136
383690,113.461455863,43534026
298340,97.831826104,29187147
180419,74.756921389,13487569
209556,86.309764454,18086729
192327,78.926541775,15179705
223695,80.45254923,17996833
183450,73.225947125,13433300
196054,79.473497098,15581097
200681,82.633717193,16583017
148812,64.995403596,9672096
190419,77.732763012,14801795
165544,72.332558111,11974221
182950,75.632254714,13836921
260870,101.47175988,26470938
404787,118.587135951,48002531
363493,108.166751492,39317857
188943,79.150659194,14954963
226478,82.347711477,18649945
207175,74.950602148,15527891
196419,68.264358336,13408417
221786,77.283926848,17140493
209358,78.315034534,16395879
216803,79.853530625,17312485
140727,62.341384383,8773116
180635,70.763523127,12782369
203511,78.956788577,16068575
187454,73.952820425,13862752
262490,99.561827117,26133984
392148,116.300070382,45606840
352882,108.625580222,38332012
209012,83.560431937,17465133
263566,93.477781656,24637565
235571,90.601041724,21342978
264891,93.923032493,24879366
141091,73.703460887,10398895
146431,68.862126189,10083550
142492,68.015130674,9691612
134538,62.163039439,8363291
177771,76.154603394,13538080
173048,75.344482456,13038212
212435,77.729959752,16512564
163710,82.973575224,13583604
240101,95.493571455,22928102
268529,98.864770658,26548058
177362,80.684205185,14310312
291032,108.418325133,31553202
349112,114.515903206,39978876
264845,89.719658668,23761803
219535,79.421809734,17435867
260317,85.33672023,22214599
246447,83.211234058,20507159
154706,66.888498184,10348052
175647,71.445535648,12549194
158273,72.374296311,11454897
174576,68.997932133,12045383
192574,74.548926646,14356185
320223,105.223987659,33695141
295634,103.186206593,30505351
178140,79.683468059,14194813
155956,79.831260099,12450164
275768,100.957841374,27840942
356722,113.521703175,40495689
280673,99.043213989,27798756
274320,96.08040245,26356776
320403,98.124440158,31439365
212361,81.54409708,17316786
276458,94.941933314,26247457
254051,88.785015607,22555922
280071,83.46795634,23376954
164390,74.004592737,12165615
243718,87.287935237,21273641
276688,99.682895536,27581061
185978,80.139457355,14904176
237590,92.376867713,21947820
287858,130.558032085,37582174
374332,132.199819946,49486623
398311,134.771324417,53680901
366992,115.579560317,42416774
308911,103.789343856,32061670
207420,83.35827789,17290174
249118,89.33110815,22253987
279090,95.599914006,26680980
256951,83.45309417,21443356
243350,83.22006164,20251602
296148,93.112629496,27575119
272083,85.349294149,23222092
122128,70.372256976,8594423
212171,82.635270607,17532808
283769,110.965045512,31488440
364025,121.869245244,44363452
436371,118.97243859,51916122
316378,94.404816391,29867607
144893,72.528293292,10508842
229650,89.266144132,20499970
207168,80.712359052,16721018
238500,83.081559748,19814952
226485,81.939717862,18558117
221297,80.149242873,17736787
142407,62.139494547,8849099
119290,64.26843826,7666582
209327,76.754838124,16066860
190135,72.551807926,13794638
251040,97.776015774,24545691
376422,116.030399392,43676395
363321,109.90707391,39931548
197656,82.051640223,16217999
256431,88.676411978,22739381
216033,82.207417385,17759515
203387,73.368115956,14922121
192954,73.821594784,14244172
246747,84.159142766,20766016
224227,78.953025282,17703400
141370,61.658796067,8716704
174564,70.78849591,12357123
167359,71.622996074,11986753
208058,77.450355189,16114166
226230,92.272779914,20874871
321454,105.100925793,33785113
299896,100.433713687,30119669
187251,82.029569936,15360119
335403,111.750768479,37481543
269607,95.325555345,25700437
232294,84.46959887,19621781
206960,79.429532277,16438736
248783,87.166213125,21685472
239125,83.675312075,20008859
148525,64.94673624,9646214
181006,74.419555153,13470386
170056,70.756033307,12032488
170930,67.583630726,11552070
174629,73.309352971,12801939
283474,101.611467013,28804209
268329,93.72060791,25147957
166114,75.353955717,12517347
237387,91.097136743,21625276
288522,101.917919604,29405562
358576,108.878614297,39041258
267223,87.996051987,23514569
276051,84.146603345,23228754
305218,87.173905209,26607045
189658,69.191128241,13122651
246743,80.37365599,19831637
214683,74.483550165,15990352
211379,72.497769409,15324506
263903,98.843616783,26085127
423781,124.095903309,52589486
321635,107.977064063,34729203
157985,77.324429534,12216100
162811,74.783417582,12175563
128351,70.385988422,9034112
227593,93.197361079,21211067
262260,94.63954854,24820168
276582,96.037554866,26562259
256335,87.702483079,22481216
168091,66.922702584,11249104
192410,77.077314069,14830446
176863,73.353324324,12973489
180848,69.923836592,12645586
181060,72.667132442,13157111
243153,86.982916106,21150157
275723,99.021376526,27302471
168463,76.336738631,12859916
223462,89.69735794,20043951
323608,114.275265136,36980390
374146,110.800430848,41455538
270252,88.434542575,23899612
261470,86.545951734,22629170
262611,84.626055268,22223733
177163,71.386881008,12647114
266396,123.348691422,32859598
209599,98.17667069,20577732
198377,79.817993013,15834054
182695,75.608177564,13813236
234664,86.363596461,20266427
275680,99.494479106,27428638
140632,75.663362535,10640690
208163,85.298640969,17756021
226106,89.880648899,20322554
297063,105.835489442,31439808
357088,111.636823416,39864170
312938,97.004866779,30356509
269079,91.528632855,24628433
170173,71.118902529,12102517
208775,83.501003473,17432922
192895,77.11225278,14874568
225390,80.005324105,18032400
195009,74.581957756,14544153
224314,83.196795563,18662206
233631,84.079184697,19643504
158851,66.122536213,10503631
208200,80.009870317,16658055
263789,100.335085997,26467292
397700,122.003037465,48520608
416992,127.788811296,53286912
129880,90.694772097,11779437
226877,90.887899611,20620374
169610,79.619904487,13504332
268081,91.564090704,24546593
218852,81.757429679,17892777
204527,73.160629159,14963324
251438,78.197396575,19661797
242913,79.958750664,19423020
248283,81.703773517,20285658
163467,62.53772321,10222854
186456,70.230987472,13094989
210061,78.97628784,16589838
198456,74.384422744,14762035
280834,102.024295491,28651891
419627,119.000259754,49935722
375035,113.279093951,42483625
193857,81.246831427,15750267
168273,80.777486584,13592670
249768,91.107703949,22755789
213238,81.945127041,17473815
203648,79.262423397,16141634
248380,90.155266124,22392765
229741,85.01657954,19531794
145021,65.396101254,9483808
179499,71.606777754,12853345
172672,72.439162111,12508215
200604,74.539749955,14952972
186383,74.704157568,13923585
339850,112.94025011,38382744
336164,106.301813996,35734843
210780,85.300659455,17979673
349312,111.417160017,38919351
255164,86.816474895,22152439
225994,75.274945353,17011686
203540,73.14526383,14887987
250721,84.187682723,21107620
244695,83.011998611,20312621
153564,64.473190331,9900761
180346,69.737271689,12576838
171264,70.10244418,12006025
174461,66.84441795,11661744
201557,77.661366264,15653192
275120,104.236613114,28677577
275830,98.427527825,27149265
169764,78.615201103,13346031
264153,99.773990831,26355599
367226,116.07017477,42623986
277857,92.571491811,25721637
242390,86.18910021,20891376
255214,86.887090834,22174802
250293,87.589393231,21923012
160034,69.059462364,11051862
209239,81.662343062,17086947
183989,75.540135552,13898554
171510,68.590472859,11763952
171467,71.503449643,12260482
213222,82.429163032,17575711
262310,95.050623308,24932729
160118,74.800653268,11976931
201790,84.556345706,17062625
229394,88.645090979,20334652
312921,107.332297928,33586530
369495,111.649137336,41253798
287183,93.260029319,26782695
281211,88.194672328,24801312
166696,72.566018381,12096465
242411,124.391422006,30153849
242360,103.989952963,25203005
190872,83.238112452,15887825
183490,76.627576435,14060394
220261,83.591198623,18411881
221906,82.763827927,18365790
141844,62.825350385,8911399
177909,75.605146451,13450836
242643,101.726557123,24683237
239669,90.945837801,21796898
317678,110.683512865,35161717
407038,114.756944069,46710437
305129,98.870271262,30168187
177205,75.882712113,13446796
228956,87.085990321,19938860
203188,80.799235191,16417435
219505,80.757814173,17726744
198203,73.824260985,14632190
210570,78.332345538,16494442
211091,80.31310667,16953374
143787,63.814002657,9175624
190005,73.902344675,14041815
173141,71.364725859,12356160
248987,97.805471772,24352291
250606,93.554603641,23445345
358383,121.223029552,43444273
369815,113.002155132,41789892
205770,79.723574865,16404720
248161,84.591362059,20992277
207406,76.097191017,15783014
191226,68.592801188,13116727
228290,77.385005914,17666223
217790,78.076472749,17004275
215253,78.994569181,17003818
145111,61.353563824,8903077
182774,70.073806997,12807670
199942,78.049154255,15605304
193000,72.629958549,14017582
280294,105.920954426,29689008
412034,120.141490751,49502379
369137,110.657742247,40847867
194613,84.967211851,16535724
275738,94.025879639,25926508
235325,87.76373526,20653001
214181,77.567473305,16613479
205159,77.643622751,15929288
265633,87.85796569,23337975
311012,89.34131802,27786222
188157,66.993585144,12605312
230536,75.025592532,17296100
194656,70.055477355,13636719
209958,68.995984911,14486259
234125,79.148839295,18530722
312115,105.606792368,32961464
323668,105.778143035,34237000
207860,84.760713942,17618362
324442,113.127310891,36703251
406657,127.732846109,51943456
318205,95.456256187,30374658
263839,82.42519112,21746980
283740,84.613459505,24008223
274343,82.911905899,22746301
174084,66.628868822,11599020
213190,71.068708664,15151138
198218,67.832734666,13445669
185229,61.916465564,11468725
194836,68.104416022,13269192
257169,84.757206351,21796926
290137,99.95227427,28999853
168734,75.744639492,12780696
214194,88.365719861,18927407
297553,107.633645099,32026714
391202,115.005777067,44990490
304299,96.120036543,29249231
286939,90.49732173,25967211
251289,88.628598944,22271392
170807,68.547986909,11708476
208398,79.672333708,16603555
235989,83.918271614,19803789
197755,70.137665293,13870074
182163,70.799004189,12896959
226457,81.344339102,18420995
223627,84.87268532,18979824
140075,63.869305729,8946493
185626,72.875141413,13527521
246455,101.963319876,25129370
248989,90.02479226,22415183
327234,110.164888123,36049697
399938,115.029582085,46004701
302534,96.032201339,29053006
190878,82.104595606,15671961
266813,123.07342221,32837589
220575,100.364914428,22137991
238908,89.04308353,21273105
199843,80.194062339,16026222
217593,83.17123253,18097478
219539,82.562451318,18125678
150030,65.251762981,9789722
196109,76.98954663,15098343
188850,76.901715647,14522889
254596,101.853206649,25931419
258586,96.769419071,25023217
408658,119.232730058,48725409
360589,111.972886028,40376191
204422,81.342424005,16628181
249236,91.996705933,22928891
213168,82.704800908,17630017
195328,74.81866911,14614181
230856,82.252780954,18988548
226771,79.751154248,18085249
225746,81.525502113,18404056
148406,62.871305742,9330479
175370,70.883737241,12430881
202506,76.603305581,15512629
144414,67.707445262,9777903
271876,103.688490341,28190412
405627,120.395513612,48835671
381402,113.079857998,43128884
213237,82.392324034,17569092
256465,87.10159281,22338510
217168,79.123102851,17183006
197432,69.838445642,13788344
193201,71.519909317,13817718
253763,84.736939585,21503100
222861,82.747533216,18441198
143242,63.131986429,9043152
169880,70.123192842,11912528
169232,72.565135435,12280343
205366,74.632860357,15327052
207184,78.902207699,16347275
338359,114.837574883,38856327
324666,107.713068199,34970771
212038,87.068709382,18461875
355025,113.936748116,40450394
315202,95.938150773,30239897
295332,91.380923842,26987711
307533,98.372838037,30252894
156998,73.827258946,11590732
157391,68.163948383,10728392
126640,60.490998105,7660580
147579,64.272877577,9485327
207514,78.280756961,16244353
187552,75.187089447,14101489
253576,85.896090324,21781187
181976,90.908685761,16543199
229342,91.462876403,20976279
158330,72.337889219,11453258
226815,95.010166876,21549731
311997,111.986281919,34939384
409643,118.768515512,48652691
284675,93.159638184,26520220
267174,87.19737699,23296872
279303,85.845934344,23977027
180094,67.967700201,12240575
235176,78.938199476,18564370
201327,73.363140562,14769981
199753,68.340345326,13651189
192084,70.830121197,13605333
239323,81.389327394,19478338
285387,100.092674158,28565148
169902,77.384298007,13147747
254983,92.620053102,23616539
199104,95.851951744,19084507
318879,106.950586273,34104296
391547,117.457822433,45990258
326243,107.499943294,35071104
289118,99.660425847,28813623
192232,78.694478547,15127597
232859,88.014807244,20495040
358233,103.279555485,36998145
288315,87.226661811,25148755
333893,93.584540556,31247223
184009,81.551543674,15006218
239482,86.099468854,20619273
172743,68.431218631,11821014
222378,78.339970681,17421086
232980,84.965417632,19795243
306955,113.335837501,34789002
398453,128.377412141,51152365
475279,134.382392237,63869129
366275,114.666510136,41999476
244400,97.438645663,23814005
330553,129.570362393,42829872
288547,108.774255147,31386485
307845,103.833718267,31964691
270843,91.127989278,24681378
302431,94.964124048,28720095
291236,93.981781098,27370878
210491,72.275774261,15213400
203410,82.227368369,16725869
277120,113.068782477,31333621
313798,113.987836124,35769155
419922,124.479758146,52271789
381699,114.468295699,43692434
241137,78.795668023,19000551
228649,92.932739701,21248978
222660,83.312912063,18550453
206095,80.953545695,16684121
253369,88.368845439,22389926
229356,83.145176058,19069845
146755,63.320704576,9292630
202608,75.732907881,15344093
126583,68.954970257,8728527
221403,76.358473011,16905995
203972,78.071867707,15924475
332682,113.94659164,37907980
318359,104.290477103,33201812
200482,86.174998254,17276536
364620,114.903954802,41896280
272388,94.129726713,25639808
232381,79.061975807,18372501
216540,79.591391891,17234720
255750,84.180363636,21529128
253363,83.051558436,21042192
156413,63.615690512,9950321
191241,73.897448769,14132222
181307,71.326490428,12931992
186251,68.608474585,12778397
226028,81.08456032,18327381
303699,102.852498691,31236201
282681,97.261404198,27493951
174343,76.763225366,13383131
270145,102.574654352,27710030
384497,118.695851983,45638199
299510,95.515745718,28607921
248934,87.965645512,21897640
251446,87.599297662,22026493
262208,88.709310929,23260291
166067,68.060981411,11302683
225984,84.071513912,18998817
196444,77.182464214,15162032
201785,75.362400575,15207002
260863,101.342095276,26436403
368678,116.018935223,42773629
255844,96.393521052,24661704
137701,71.874532502,9897195
140114,69.637459497,9757183
115181,64.674590427,7449284
228307,91.536102704,20898333
369135,112.850553321,41657089
305749,95.093216985,29074656
315940,91.803041717,29004253
189364,70.933271372,13432208
249554,81.453697396,20327096
249588,82.563372438,20606827
215530,71.741919918,15462536
202915,73.37970086,14889842
248210,83.835042907,20808696
277550,95.442356332,26490026
171838,75.077933868,12901242
222898,88.094805696,19636156
285559,102.527081969,29277531
441380,125.912737324,55575364
317680,103.814583858,32979817
304004,93.703941396,28486373
290422,92.347638953,26819786
188506,70.751419053,13337067
233299,84.434901135,19698578
197001,76.275369161,15026324
194698,71.647423189,13949610
185611,73.041996433,13557398
229675,86.029341461,19758789
280834,100.300002849,28167651
184283,87.623020029,16147433
256442,124.242955522,31861112
245404,111.076962886,27258731
321116,116.885614544,37533841
403177,117.344769171,47310712
353400,96.286949632,34027808
301574,90.817613587,27388231
190899,69.222023164,13214415
222272,76.491937806,17002016
241476,80.705854826,19488527
208477,70.415508665,14680014
202800,71.492209073,14498620
242512,82.429026193,19990028
284859,97.367659087,27736054
177445,74.445800107,13210035
215936,84.48442131,18243228
251051,96.119083373,24130792
368344,117.432850813,43255686
403384,118.959170418,47986226
120480,84.55312085,10186960
199453,82.86759788,16528191
163969,74.524916295,12219776
264367,91.458725938,24178669
214098,83.978762062,17979685
205686,77.059128964,15849984
247336,82.946857716,20515744
234657,84.644604678,19862449
240678,84.078719285,20235898
154243,64.720175308,9982634
188999,72.869263859,13772218
217668,81.516056563,17743437
256619,92.158702201,23649674
269060,98.057422136,26383330
439069,127.440144943,55955017
434380,125.891535061,54684765
241832,91.843101823,22210601
291728,96.240545988,28076062
249203,82.475459766,20553132
234183,73.090510413,17116555
232361,76.341434234,17738772
268115,82.700020514,22173116
249121,81.371385792,20271321
163145,62.793901131,10244511
190911,68.780636003,13130980
193105,70.448605681,13603978
233176,75.178517515,17529826
266413,98.601205647,26268643
341407,113.148353724,38629640
326465,101.223843291,33046042
201637,83.925757673,16922538
364899,111.435920625,40662856
192139,85.56063579,16439535
269568,88.536009467,23866475
225020,82.660421296,18600248
263888,86.325528254,22780271
241101,82.771639272,19956325
154086,64.051036434,9869368
189954,73.698448045,13999315
180679,71.94010372,12998066
186639,68.559277536,12795835
211360,79.22788134,16745605
288956,102.973670732,29754860
285953,99.29125066,28392631
183286,80.517480877,14757727
286819,103.423252992,29663754
373908,112.053689678,41897771
281772,85.566149227,24110145
231685,77.338351641,17918136
253183,83.823921827,21222792
254764,80.25087532,20445034
164064,64.028622976,10504792
191558,71.695502146,13733847
186179,71.250769421,13265397
187309,66.049522447,12371670
184764,71.807803468,13267497
296779,100.784263711,29910653
254328,88.963307225,22625860
169709,72.498158613,12303590
223869,86.10559747,19276374
303226,108.366789128,32859628
382882,110.837973579,42437865
302621,94.946365256,28732764
281735,90.770127957,25573122
259590,88.732343311,23034029
160697,69.110991493,11105929
200110,79.960871521,16000970
225652,85.800374027,19361026
197101,72.745485817,14338208
185754,73.718321005,13693473
216972,79.706505909,17294080
217878,85.287619677,18582296
141216,63.635791978,8986392
176707,71.754571126,12679535
195859,78.507288406,15376359
269167,103.065297752,27741777
322943,109.989286035,35520270
425082,119.768068279,50911250
324901,98.032837695,31850967
191302,86.093684332,16469894
272100,124.883586917,33980824
216520,102.246517643,22138416
254456,89.591650423,22797133
203181,77.60054828,15766957
220662,79.177398011,17471443
213561,81.273757849,17356905
135187,63.607403079,8598894
196010,73.588954645,14424171
189410,75.817243018,14360544
252482,101.106352136,25527534
250231,97.796284233,24471662
407159,122.849375797,50019229
370826,112.387666992,41676269
194109,83.264665729,16162421
245198,91.684047178,22480745
222882,83.06526772,18513753
211405,74.913630236,15837116
240443,82.309848904,19790827
223865,76.205204029,17059678
227467,80.60052667,18333960
149514,60.991893736,9119142
177272,69.767413918,12367809
198576,75.463127468,14985166
189407,69.842883315,13228731
268103,104.483571612,28012359
405465,120.767097037,48966831
386176,113.045771876,43655564
208717,83.538590532,17435924
265558,87.538838973,23246639
222071,78.332119007,17395292
212158,70.495116847,14956103
201591,71.384774122,14390528
250281,83.390465117,20871049
232698,80.923987314,18830850
145160,61.580890052,8939082
174028,67.998936953,11833719
249997,70.98997988,17747282
238778,75.288355711,17977203
256633,97.01558646,24897401
338447,109.492390241,37057371
319220,105.269105946,33604004
207761,85.766900429,17819017
342321,113.182559644,38744767
291363,95.40322553,27796970
247853,84.749206183,21005345
231129,80.184507353,18532965
300022,87.238702495,26173530
323598,91.145442802,29494483
204042,68.581022535,13993409
237511,76.605479325,18194644
215314,71.608390537,15418289
210764,66.381336471,13990796
209080,74.01288502,15474614
314086,100.700368689,31628576
294717,93.751972231,27630300
188966,73.078379179,13809329
243013,91.57507623,22253934
348901,119.018429297,41525649
431763,126.626144436,54672484
332368,98.73213727,32815403
303546,87.670214729,26611943
296903,87.078109686,25853752
187994,67.91169399,12766991
247892,79.412542559,19685734
213168,70.27883172,14981198
199687,65.555494349,13090580
194266,67.335133271,13080927
252430,81.607225766,20600112
290482,95.868019361,27847934
176112,74.682650813,13152511
229351,85.544222611,19619653
246176,89.838452977,22116071
311981,107.436404781,33518117
378515,112.502460933,42583869
343651,97.940416294,33657322
292908,93.212517241,27302692
175579,70.403943524,12361454
225185,83.540577747,18812085
203392,80.545867094,16382385
235265,82.685652349,19453040
203054,75.523062831,15335260
226951,80.593758124,18290834
221679,80.191186355,17776702
158661,63.891290235,10137056
205146,77.3167159,15861215
237245,95.373917259,22626985
239974,87.403402035,20974544
255990,95.565451775,24463800
336580,117.401637055,39515043
384239,114.309531307,43922180
215653,94.083560164,20289402
301843,123.264833042,37206627
244919,102.988412496,25223819
215442,84.713208195,18250783
246624,86.266673154,21275432
234192,82.569515611,19337120
218973,80.220949615,17566222
144890,61.85393747,8962017
183531,71.306493181,13086952
221084,79.947929294,17675208
243370,95.254550684,23182100
263280,95.802206776,25222805
400618,118.904120634,47635131
388801,113.847965926,44264203
217194,83.925149866,18228039
272866,93.194036633,25429484
229979,83.379460733,19175525
215621,75.137699946,16201266
212394,74.84659642,15896968
278574,85.999842053,23957320
240240,81.199354812,19507333
154886,61.439749235,9516157
184886,70.29199074,12996005
171746,71.709320741,12315789
212547,75.987259289,16150864
234332,96.676591332,22654419
330037,108.505679666,35810889
328738,107.383049723,35300889
207844,86.500769808,17978666
358031,111.267884625,39837352
274715,88.2652458,24247787
232205,74.286526991,17249703
212305,73.055062292,15509955
254443,84.163694816,21414863
251601,81.902091009,20606648
158612,62.326570499,9885742
183191,69.824363642,12791195
184008,71.00515195,13065516
184934,67.905414905,12558020
222109,78.186489516,17365923
299407,105.47574038,31580175
289568,99.509641949,28814808
179249,78.438602168,14060041
279794,102.896180762,28789734
390022,117.549299783,45846813
315003,96.49384609,30395851
280941,94.815900848,26637674
290458,96.878398942,28139106
168613,72.071400189,12152175
127945,61.307733792,7844018
133002,66.564292266,8853184
215587,76.267502215,16442282
204891,73.221659321,15002459
191825,72.583875929,13923402
261319,87.970193518,22988283
208778,93.918310358,19608077
169396,76.007969492,12875446
243585,92.839587824,22614331
245725,91.676667006,22527249
336183,110.576587751,37173969
398928,115.296587354,45995037
336144,94.652836284,31816983
286472,87.610712391,25098016
183485,67.664828188,12415481
211966,75.197097648,15939228
249357,82.228451577,20504240
214017,69.720484821,14921369
215606,71.377410647,15389398
260937,81.15090999,21175275
257943,84.054612841,21681299
165188,64.438766739,10644511
210976,76.231471826,16083011
313712,108.083210078,33907000
219857,93.826700992,20628457
330714,107.973412072,35708319
430810,118.882101158,51215598
336404,105.534241567,35502141
205603,81.945326673,16848205
269067,94.577384072,25447653
313631,95.602918717,29984039
319677,95.860568636,30644419
285814,87.619241885,25042806
341080,94.112410578,32099861
199058,79.114484221,15748371
180100,70.029794559,12612366
243977,81.565495928,19900105
233598,79.393736248,18546218
302533,107.10480179,32402737
319140,105.666901673,33722535
462834,134.275187216,62147122
431300,128.506779504,55424974
271362,105.551882725,28642770
357283,131.625089915,47027407
319977,114.857680396,36751816
295037,98.587363619,29086920
316328,103.317309881,32682158
308859,95.506163006,29497938
291377,95.950764817,27957846
222877,78.837071569,17570970
288757,79.857277919,23059348
223570,83.763224046,18726944
299982,119.407281104,35820035
425487,130.194821463,55396204
389402,118.531889924,46156555
250146,89.4772253,22382370
302935,87.92480235,26635500
236868,90.488930544,21433932
233648,84.231052695,19680417
263475,89.12111206,23481185
246544,84.419880427,20813215
156510,63.646220689,9961270
205445,76.050349242,15624164
202541,73.642857496,14915698
132439,69.055957837,9145702
236537,77.491398809,18329583
294367,102.535172081,30182971
274319,95.187070527,26111622
174441,76.477496689,13340811
292732,104.513315934,30594392
387530,119.272817588,46221795
288357,91.079533356,26263421
240018,81.343420077,19523885
280779,86.796024631,24370501
261862,83.507985122,21867568
158714,64.794542384,10283801
203732,74.890562111,15257604
193956,73.335550331,14223870
182515,69.705443388,12722289
178557,74.190448988,13247224
231986,84.546050193,19613500
257584,93.936125691,24196443
147653,72.626394316,10723505
248384,93.922571502,23328864
309442,110.639644909,34236553
377352,112.60638608,42492245
300960,96.153173179,28938259
290055,90.532299047,26259346
265082,88.364887092,23423941
163352,66.956700867,10937511
213455,80.487732777,17180509
241745,84.670375809,20468640
206025,72.350772964,14906068
194809,73.526366852,14323598
230987,81.779914021,18890097
231728,82.427121453,19100672
149360,63.044978575,9416398
191821,75.725707821,14525781
258248,103.307553205,26678969
267427,90.934176429,24318254
336302,109.196829041,36723112
404671,115.727524335,46831573
312177,96.062560663,29988522
181947,71.619702441,13030990
234031,80.974417919,18950524
214788,75.817615509,16284714
258700,81.19309625,21004654
230051,75.012166867,17256624
326619,86.871330204,28373827
266004,82.160102856,21854916
176664,64.81457456,11450402
226608,78.444357657,17776119
263658,101.324317866,26714967
313189,104.309318016,32668531
455229,129.022540304,58734802
394169,114.79451961,45248441
271575,97.186515695,26393428
144148,70.929045148,10224280
146333,67.771978979,9917277
117381,61.963128615,7273294
202902,79.023016037,16033928
243868,82.633502551,20151667
253315,88.728764582,22476327
262351,85.176321036,22346093
175039,64.579133793,11303867
205823,76.770851654,15801207
255095,102.836033635,26232958
255371,90.78524578,23183919
319345,112.750288873,36006241
409366,117.946680965,48283361
321442,99.837892995,32092092
213369,92.876401914,19816945
291714,132.374222698,38615414
239390,103.903609173,24873485
261466,92.988109353,24313229
213804,82.102673477,17553880
231010,84.314821869,19477567
231113,81.755426999,18894742
171085,66.296881667,11342402
242712,76.792140479,18638374
254692,77.887299169,19837272
296111,100.238407219,29681695
287051,97.662202884,28034033
424134,119.420256334,50650191
393432,113.827596637,44783419
210735,83.200763993,17533313
254051,91.639899075,23281208
224948,82.153359888,18480234
217950,74.541399404,16246298
210725,76.390997746,16097493
281770,90.560435816,25517214
248101,84.960923172,21078890
162831,64.357278405,10479360
193759,71.624048431,13877804
189509,72.408439705,13722051
225679,75.077167127,16943340
217344,77.034447696,16742975
380637,118.779041449,45211698
370753,115.29421205,42745675
244592,93.659212076,22908294
405566,125.081495983,50728802
315412,98.460990704,31055778
293266,87.630294681,25698986
299235,91.725500025,27447480
105562,68.541624827,7235391
183993,70.918866479,13048575
153545,61.606532287,9459375
233133,72.821818447,16977169
199972,72.741668834,14546297
203161,69.270863995,14073138
246520,76.708457732,18910169
307077,102.49463164,31473744
306393,97.52631098,29881379
195511,76.256911376,14909065
287747,101.484842587,29201959
411190,119.920703324,49310194
217694,87.202747894,18983515
279604,92.393928556,25833712
299658,92.248386494,27642967
253649,88.744532799,22509962
110781,65.829591717,7292668
203258,74.80143463,15203990
190536,75.513677205,14388074
181146,69.859533194,12654775
184445,68.780959093,12686304
248922,82.830818489,20618413
284842,99.767242893,28417901
179430,74.196048598,13312997
233704,87.530564304,20456243
317468,108.836855998,34552219
411348,116.475820959,47912096
293818,90.502280323,26591199
278898,86.356087172,24084540
263351,85.421881823,22495938
185743,66.472502328,12346802
236789,78.213975311,18520209
209139,71.627262251,14980054
200635,65.536865452,13148989
196250,66.936499363,13136288
233786,78.442284825,18338708
250886,83.717588865,21003571
160011,64.012142915,10242647
206373,77.97154182,16091221
276123,104.481260163,28849679
331771,105.299938813,34935466
404067,116.652857076,47135570
347594,99.522350789,34593372
278625,91.876331987,25599043
180739,71.091474447,12849002
228351,85.496608292,19523236
209619,80.157571594,16802550
251550,82.459340091,20742647
194366,73.59909655,14305162
223626,77.125772495,17247328
222794,81.094329291,18067330
162857,63.17477296,10288454
200369,73.751174084,14777449
186417,68.863869711,12837396
211920,74.62919026,15815418
297003,106.448658768,31615571
435910,120.958814893,52727157
395950,109.466970577,43343447
220621,96.073592269,21195852
319432,127.55555486,40745326
252531,105.93847488,26752749
226916,86.656626241,19663775
247775,86.809896075,21509322
224430,80.507940115,18068397
230784,81.702418712,18855611
149811,61.309603434,9184853
176975,68.733047041,12164031
213195,78.168535847,16665141
256460,94.94541449,24349701
272948,98.479743394,26879849
423542,119.478918265,50604340
389591,113.153389067,44083542
202618,77.568567452,15716788
164185,78.887669397,12952172
263630,89.582422334,23616614
230654,79.664623202,18374964
214501,77.208194834,16561235
268411,86.289835364,23161141
239653,82.129967077,19682693
147337,60.445122406,8905803
182407,68.671470941,12526157
175636,67.954138104,11935193
217898,71.521528422,15584398
206980,74.421818533,15403828
405602,112.292634159,45546117
365874,104.248293128,38141740
227205,85.67395964,19465552
376838,112.694911341,42467725
299115,87.759396887,26250152
255142,74.79258217,19082729
228389,71.033758193,16223329
272685,80.166727176,21860264
267316,79.551070643,21265274
171844,58.832039524,10109933
185195,67.765063852,12549751
185251,64.948183815,12031716
188132,63.310654222,11910760
233307,78.38577068,18287949
307125,105.209416361,32312442
295759,97.053293391,28704385
187190,75.099262781,14057831
286281,98.95993447,28330349
398703,116.596218238,46487262
312403,91.163436331,28479731
258939,83.965744828,21742006
293314,83.519617202,24497473
323479,89.625623302,28992007
213949,68.253831521,14602839
272036,82.953031952,22566211
226293,72.831603275,16481282
228863,67.396267636,15424512
219295,70.267384117,15409286
269684,82.849008469,22343052
307109,94.002357469,28868970
189238,72.057007578,13635924
238013,84.642238029,20145953
281121,91.788777786,25803753
366210,114.785347205,42035542
419699,126.164184332,52950982
364876,98.824800754,36058798
324806,88.613704796,28782263
209731,67.176731146,14089043
243696,75.556197065,18412743
231582,78.265154459,18124801
245375,68.441524198,16793839
220865,67.985420959,15015600
260929,77.342587447,20180924
259232,78.9601901,20469008
173637,61.233953593,10632480
210388,71.758893093,15097210
278785,99.3802536,27705724
260438,85.895410808,22370429
336820,105.939219761,35682448
432815,110.943920613,48018193
336808,97.577159687,32864768
195122,72.895583276,14223532
242955,85.20002058,20699771
225105,81.354976566,18313412
216867,73.679605472,15978675
254862,83.19860552,21204163
239076,79.066803025,18902975
230368,77.822136755,17927730
159749,59.904932112,9569753
192659,68.693847679,13234488
223509,76.881615505,17183733
256945,89.993562825,23123396
250571,90.565819668,22693168
405014,113.830445367,46102924
396468,107.60775649,42663032
238754,99.010709768,23639203
335596,128.329190455,43066763
268496,104.946252458,28177649
238479,85.178363713,20313251
217104,79.434137556,17245469
284873,86.773225262,24719349
248022,78.026066236,19352181
160095,59.673618789,9553448
194919,66.99587521,13058769
190980,68.578275212,13097079
239882,75.370323743,18079984
273613,96.912047308,26516396
361844,104.040202408,37646323
344895,101.38501283,34967184
219027,81.500454282,17850800
355113,111.08371983,39447273
282505,90.063428966,25443369
252997,79.391075784,20085704
229745,76.136333761,17491942
278801,83.632913799,23316940
264999,83.409661923,22103477
166942,60.893022726,10165603
205308,69.510627935,14271088
191838,68.411498243,13123925
187853,65.267927582,12260776
227680,75.313409171,17147357
306318,100.1342102,30672911
294148,94.053163714,27665550
178327,74.405883573,13268578
291348,97.329636723,28356795
402609,113.642320465,45753421
297410,83.440365152,24815999
252657,76.923204186,19435186
284473,83.460054205,23742132
268421,79.525394809,21346286
167366,61.37427554,10271967
212146,68.083503813,14443643
191509,66.338365299,12704394
241384,67.093440327,16195283
254330,71.955365077,18300408
349828,96.811247242,33867285
292426,88.923919214,26003666
188334,69.284361825,13048601
234168,83.09722934,19458712
310284,104.819252685,32523737
400119,108.751189021,43513417
332266,95.265561327,31653507
343929,97.152679768,33413624
275709,87.729152839,24187717
145279,61.420219027,8923068
138738,59.075538065,8196022
142890,62.661074953,8953641
226628,75.114835766,17023125
216496,71.39481099,15456691
241611,78.804623962,19040064
274068,94.88432068,26004756
144961,70.008064238,10148439
154214,71.438805815,11016864
250696,87.625167534,21967279
255570,86.563571624,22123052
351073,106.253878823,37302868
424071,115.458701491,48962687
334779,94.380597349,31596642
206182,69.507716483,14331240
248980,76.480199213,19042040
231022,73.049306992,16875997
275542,76.366423268,21042157
224809,68.561659008,15413278
238822,71.640929228,17109430
239832,75.314086527,18062728
172874,59.617096845,10306246
222168,72.210178784,16042791
232131,76.655397168,17794094
369433,101.276761957,37414978
227198,97.954145723,22254986
420123,117.391811446,49319000
404710,113.340263398,45869938
235933,82.801494492,19535605
296064,94.949841926,28111230
257687,86.972897352,22411785
281147,83.871113688,23580112
366289,97.497323152,35712197
330590,89.582528207,29615088
328141,87.453655593,28697130
174048,67.671952565,11778168
169409,68.620569155,11624942
254034,76.612831353,19462264
253368,75.535849042,19138367
330023,111.978501498,36955481
464358,131.889906064,61244133
451594,126.718986523,57225534
296565,110.297492961,32710376
383870,135.833370672,52142356
327814,114.158254376,37422674
298128,94.933310524,28302278
283752,87.61906524,24862085
348788,96.920969185,33804871
295309,88.759025292,26211339
205018,72.676262572,14899942
292156,83.201248648,24307744
311194,80.07703876,24919494
272589,100.813033541,27480524
350446,120.025227853,42062361
324442,102.367134958,33212198
234697,84.110972871,19740593
408467,113.223912825,46248232
350977,88.388689287,31022397
249816,85.060220322,21249404
270868,86.894354446,23536900
252421,80.181779646,20239565
169830,61.873644232,10508001
225288,74.503231419,16784684
205749,70.292715882,14462656
243352,76.279262139,18562711
160617,77.176363648,12395836
293525,91.20447662,26770794
258230,82.144572668,21212193
172433,66.331699849,11437774
249783,87.200750251,21781265
312551,103.998873784,32504952
397298,109.032894704,43318551
294467,87.202386006,25678225
282164,80.451187962,22700429
275011,78.074204305,21471265
182345,62.477386273,11392439
248312,76.538765746,19005494
216723,69.912588881,15151666
213133,65.375436934,13933663
201423,68.078660332,13712608
278447,88.464494141,24632673
277699,86.481935477,24015947
175102,68.396997179,11976451
236379,83.975704272,19850093
254441,88.515875979,22522068
314321,99.027296935,31126359
387048,108.037388128,41815655
351314,91.521004002,32152610
294954,85.493717664,25216714
183803,64.563402121,11866947
232128,81.162841191,18840168
216375,74.61038937,16143823
263764,79.416285012,20947157
216503,72.672184681,15733746
236983,76.572576936,18146399
235449,76.617118782,18039424
163383,60.313251685,9854160
214923,73.716112282,15843288
240703,87.394943146,21036225
257483,84.611811265,21786103
284415,90.914262609,25857380
431944,108.097088974,46691889
385258,103.102918045,39721224
214594,72.839291872,15630875
265386,80.841758797,21454271
237025,74.00195338,17540313
246133,72.655243303,17882853
286553,85.206453954,24416165
311079,91.115716586,28344186
239013,82.536221879,19727230
138862,61.814225634,8583647
136825,58.225126987,7966653
113194,54.306597523,6147181
177913,69.32953185,12334625
357817,117.159559216,41921682
445347,124.251585842,55335071
405031,110.534388726,44769854
237968,77.537488234,18451441
311535,90.70274929,28257081
285494,82.507667412,23555444
262237,75.80607237,19879157
280974,81.925032209,23018804
264213,78.593543845,20765436
260958,77.473704581,20217383
206948,89.406807507,18502560
265556,120.935200108,32115068
261590,102.623567415,26845299
252237,104.545558344,26370258
266667,111.534483082,29742566
381407,125.614569213,47910276
337709,114.765913849,38757482
173921,87.175171486,15161593
231592,105.458841411,24423424
171433,90.626232989,15536327
148985,83.123247307,12384117
134596,86.347528901,11622032
201701,108.5516284,21894972
141597,102.126217363,14460766
114962,97.748751761,11237392
109416,114.222663961,12497787
141686,147.64757986,20919595
130791,138.388176556,18099928
152895,147.171948069,22501855
153921,145.978566927,22469167
127153,130.859570753,16639187
124445,122.353103781,15226232
118752,104.161412018,12369376
105545,96.786953432,10215379
157753,112.245542082,17707071
118224,119.045379957,14074021
178277,135.905259792,24228782
182696,143.40165083,26198908
189296,131.547930226,24901497
150753,110.42028351,16646189
139443,105.7643123,14748093
161220,108.845856593,17548129
128110,92.242580595,11817197
147176,110.83864217,16312788
146518,120.325468543,17629847
173595,124.8349146,21670717
157893,129.883440051,20507686
215257,127.907756774,27533040
102338,102.613926401,10501304
139467,106.541841439,14859071
184690,113.841859332,21025453
133677,102.753390636,13735765
140513,96.918591162,13618322
142683,89.122046775,12716201
146528,107.811694693,15797432
171080,110.512777648,18906526
139865,112.958538591,15798946
191875,121.553500977,23323078
195881,123.053215983,24103787
139879,99.35424188,13897572
137287,93.445526525,12828856
141224,94.725662777,13377537
162351,100.972134449,16392927
158138,95.210227776,15056355
129041,86.973892019,11223198
121499,76.978131507,9352766
140507,87.861651021,12345177
153385,106.431293803,16324964
136703,116.071768725,15867359
162915,113.201841451,18442278
206188,127.863338313,26363886
174081,111.15611698,19350168
201339,105.679292139,21277363
141389,97.552185814,13792806
142694,91.30750417,13029033
137453,89.164703571,12255956
204139,98.841627519,20177431
147487,84.98112376,12533611
190169,161.320215177,30678104
160068,132.787359122,21255007
144712,118.729980928,17181653
161750,117.782225657,19051275
227662,134.11390131,30532639
179251,115.22862355,20654846
215959,121.533781875,26246314
185021,107.766118441,19938995
151966,95.896207046,14572963
142050,89.307828229,12686177
188766,95.947612388,18111647
168420,87.521440447,14740361
141104,85.325788071,12039810
129905,85.529379162,11110694
125607,85.379453374,10724257
169638,107.362436482,18212749
193276,120.94409549,23375591
164455,107.957562859,17754161
195778,116.633482822,22834270
208579,120.548607482,25143908
178106,106.845490887,19029823
159055,96.817377637,15399288
191144,100.084397104,19130532
150637,92.435311378,13924178
158531,87.182790748,13821175
142150,87.72374956,12469931
127275,83.490771951,10626288
132666,84.365707868,11192461
184537,107.939302145,19918795
152853,99.793612163,15253753
168977,106.057605473,17921296
210279,123.019997242,25868522
231319,120.73667965,27928688
193748,101.973290047,19757121
194169,90.556190741,17583205
191123,94.849463435,18127914
166292,91.377005508,15195265
138582,85.308950657,11822285
142635,84.529722719,12056897
185127,90.216289358,16701471
196933,112.946352313,22242864
183605,109.046567359,20021495
206145,121.067185719,24957395
243386,119.582531452,29104714
243984,102.929733097,25113208
182598,95.210506139,17385248
154940,91.527855944,14181326
198681,100.956357176,20058110
213981,100.010500932,21400347
247854,96.866550469,24008762
194767,90.73833863,17672834
185954,104.572163008,19445612
179220,110.120695235,19735831
204696,113.816063821,23297693
311763,132.42250684,41284438
237306,109.427692515,25967848
185388,97.167130559,18013620
192977,95.671162885,18462334
203807,97.114421978,19792599
216027,89.419262407,19316975
179683,83.240328801,14956872
171696,89.046995853,15289013
186466,104.963408879,19572107
208767,112.258848381,23435943
275590,121.934761784,33604001
184730,105.712613003,19528291
225363,102.829395242,23173941
180267,96.30345543,17360335
164779,89.414658421,14733658
157771,88.003295916,13884368
236375,97.954923321,23154095
156210,87.33324371,13642326
231160,146.846379131,33945009
183495,124.357791765,22819033
165686,110.534915442,18314088
193478,112.61754308,21789017
233047,115.938720516,27019171
165529,97.06864054,16067675
243193,113.404789612,27579251
252114,113.09444537,28512693
207145,95.408182674,19763328
180240,87.595367288,15788189
248164,96.956153995,24061027
168001,84.003970214,14112751
242073,85.851131683,20782241
198004,84.40989576,16713497
178626,80.303662401,14344322
156050,80.344857417,12537815
241780,105.299313425,25459268
184109,88.9610937,16378538
207685,98.562115704,20469873
244755,114.765357194,28089395
259897,115.372597606,29984992
232535,99.053579031,23033424
224790,94.312491659,21200505
187522,85.483255298,16029991
256024,95.028618411,24329607
178788,85.434604112,15274682
173572,81.37975019,14125246
160891,77.758047374,12510570
202314,82.396724893,16670011
176921,76.933993138,13611239
220945,99.413813392,21964985
195643,96.001686746,18782058
248758,111.550518978,27749084
299988,111.823922957,33545835
261667,95.873228187,25086860
223033,83.587930934,18642867
198635,79.48956629,15789410
245277,94.425580058,23160423
198206,82.321589659,16316633
181536,78.691730566,14285382
205032,81.923772874,16796995
198639,79.621776187,15815990
173158,74.921020109,12973174
208928,105.294364566,21998941
212480,98.497882154,20928830
258102,113.014614377,29169298
333273,115.251040438,38410060
266167,100.435594946,26732641
135505,79.771292572,10809409
247657,96.17419657,23818213
115805,77.496904279,8974529
138312,74.678480537,10328930
127163,74.698292742,9498859
220528,85.818095661,18925293
191181,80.344694295,15360379
120882,78.492645721,9488348
217799,92.104146484,20060191
141056,83.684260152,11804167
195852,87.91081531,17217509
215161,95.439721883,20534906
299616,116.541192727,34917606
295519,109.368328263,32320419
147017,82.208540509,12086053
217462,88.147198131,19168666
189000,81.36894709,15378731
185987,74.768091318,13905893
178055,75.822959198,13500657
262615,95.001412714,24948796
213728,82.573860234,17648346
122192,64.071837764,7829066
181971,75.215100208,13686967
170449,75.064318359,12794638
230441,95.691808315,22051316
214574,98.037143363,21036222
313799,118.422407337,37160833
228277,102.206332657,23331355
142635,82.242352859,11730638
280254,111.577593897,31270067
245078,101.510784322,24878060
215503,88.385813655,19047408
241193,93.171758716,22472376
333519,109.743843679,36601657
274566,98.731616442,27108345
182417,108.869628379,19859671
318377,132.436944252,42164877
138512,91.639273132,12693139
208412,103.805889296,21634393
251187,114.681014543,28806380
276940,119.008034231,32958085
259555,106.376891218,27610654
173695,97.985474539,17019587
266384,119.658252748,31875044
331919,130.67655663,43374032
278565,105.815389586,29476464
239284,99.332211932,23768609
290762,116.450846397,33859481
257643,104.917808751,27031339
165628,84.054362789,13921756
275891,92.290846747,25462214
309025,91.690219238,28334570
326053,94.064725673,30670086
319235,105.15199148,33568196
283895,122.782010955,34857199
295360,130.871766658,38654285
344483,124.569131133,42911948
333597,102.911587934,34330997
183235,98.961481158,18133207
219783,107.082745253,23534967
182980,96.72520494,17698778
167445,89.903640001,15053915
214002,89.519270848,19157303
179089,86.438273707,15480144
198195,109.701147859,21742219
184732,104.056113721,19222494
244419,115.128161068,28139510
316635,113.282912502,35869335
230063,91.029344136,20942484
196501,88.425524552,17375704
252615,98.166957623,24798446
211735,87.356053558,18496334
238534,86.007709593,20515763
216444,83.560472917,18086163
182595,83.193564994,15190729
218745,107.504656106,23516106
227990,103.011693495,23485636
362877,120.687174993,43794600
268966,99.881735981,26864791
204909,89.649234538,18369935
190120,85.989911635,16348402
191370,84.305084391,16133464
334380,99.200158502,33170549
229418,82.650781543,18961577
183399,80.276653635,14722658
199892,80.161977468,16023738
240107,100.450678239,24118911
369563,114.419890519,42285358
335291,107.814364239,36149186
139453,81.466056664,11360686
223707,85.139892806,19046390
225433,85.851791885,19353827
397305,101.466364632,40313094
260068,85.397042312,22209038
207781,81.121392235,16855484
195807,79.451459856,15557152
264571,104.345895809,27606898
427209,122.897661332,52502987
317910,105.050344437,33396555
227785,90.62807472,20643716
204844,84.478398196,17304893
210634,84.237625455,17743308
326978,99.046419025,32386000
215602,85.11505923,18350977
133980,116.4185774,15597761
248779,135.934202646,33817575
217949,109.133177945,23785467
220400,93.831519964,20680467
235263,106.389474758,25029507
316527,117.034875382,37044698
260215,99.228987568,25820871
149093,79.515899472,11855264
299237,108.055858734,32334311
240552,89.188607869,21454498
215459,78.732761221,16963682
200171,81.7021047,16354392
298662,96.508605045,28823453
240365,86.274241258,20737308
128664,66.304280918,8530974
195842,76.967902697,15073548
184527,75.004487148,13840353
188701,72.449049025,13671208
204776,81.366434543,16661893
275967,106.21570695,29312030
235601,90.356021409,21287969
148204,83.514183153,12377136
272765,105.6428904,28815683
319338,108.868988345,34766005
298245,94.897714966,28302769
281077,91.514158042,25722525
169595,73.320604971,12434808
123988,71.217392006,8830102
294655,92.3648606,27215768
163372,68.644975883,11214667
220956,80.472822643,17780953
198036,74.774551092,14808053
213482,83.063204392,17732499
225723,81.903722704,18487554
153511,82.050634808,12595675
342988,96.172685342,32986077
297711,96.664181035,28777990
325237,109.570980546,35636537
364839,121.339755344,44269475
312617,101.751718557,31809317
265771,91.184173593,24234109
160179,71.202423539,11405133
224931,80.433652987,18092022
298069,94.108602371,28050857
231694,78.042245375,18081920
206898,76.414518265,15810011
238991,80.693268784,19284965
236501,79.163031023,18722136
144541,62.61778319,9050837
197386,72.625981579,14335352
245018,100.369287154,24592282
250778,89.325925719,22400977
293542,106.618279497,31296943
384971,111.216140956,42814989
225162,91.08545847,20508984
149198,73.409140873,10952497
238360,86.097419869,20522181
211127,82.936379525,17510109
298255,93.575457243,27909348
229297,78.12958303,17914879
226589,79.107992886,17925001
222749,78.225944898,17424751
141637,61.781568375,8750556
196398,72.592847178,14257090
182544,69.948324787,12768647
246897,96.56753221,23842234
240497,92.332469844,22205682
362246,115.398113437,41802505
328554,102.502030108,33677452
155484,71.10055697,11054999
238306,81.828141129,19500137
213756,79.020668426,16891142
248915,81.364911717,20252947
266126,87.194498095,23204723
236678,80.261300163,18996084
222094,77.424063685,17195420
112450,58.263308137,6551709
188494,70.187761945,13229972
203544,74.774549974,15219911
237123,91.440294699,21682597
232874,94.839793193,22085722
346547,114.235454354,39587954
319364,104.028750892,33223038
167624,75.787130721,12703742
278924,89.68474208,25015227
235014,84.062417558,19755845
225207,78.040877948,17575352
210141,77.937603799,16377886
323016,91.157097481,29445201
251811,85.175341824,21448088
140979,98.896892445,13942385
264283,131.385283957,34722897
210502,105.51982879,22212135
196635,89.522877412,17603331
220742,82.608022035,18235060
274582,107.743690409,29584478
237972,90.27693174,21483382
135461,77.697388916,10524966
260938,102.006296515,26617319
339655,112.959438254,38367238
278155,85.904024734,23894634
233941,81.327428711,19025820
322575,92.115470821,29714148
271228,82.591948471,22401249
125622,59.90262056,7525087
187962,73.615145615,13836850
196067,71.04219476,13929030
191202,67.202890137,12849327
188012,71.631810735,13467640
288771,101.610902757,29342282
241215,85.559849097,20638319
132310,68.608170206,9077547
236780,87.736586705,20774269
282518,104.856412689,29623824
339482,105.342748658,35761967
274349,90.664230597,24873641
269680,87.372804806,23562698
252223,81.858902638,20646698
129087,67.811421754,8753573
294631,90.552429989,26679553
219160,75.489017156,16544173
209553,68.534790721,14361671
192225,70.012948368,13458239
226660,78.890554134,17881333
227011,75.836263441,17215666
121741,73.855948284,8991297
234625,92.837383058,21781971
231253,87.584619443,20254206
295534,100.983565343,29844077
340092,105.320480929,35818653
298367,88.639088773,26446979
259440,80.260329941,20822740
118995,59.97551998,7136787
221330,73.208837482,16203312
298343,89.096972277,26581458
219091,71.190445979,15597186
197041,71.454316614,14079430
233357,79.412638147,18531495
223981,75.534339966,16918257
199103,69.747442279,13886925
256997,98.840531212,25401720
257267,86.020402928,22130211
288832,102.801320491,29692311
374763,105.643014385,39591093
300524,90.396081511,27166192
130689,69.128120959,9034285
253981,81.270547797,20641175
206147,76.201967528,15708807
218661,73.870104866,16152511
326069,90.563291819,29529882
325929,91.307088354,29759628
269319,78.733772961,21204501
141928,64.093441745,9096654
330625,82.297439698,27209591
299510,84.405485627,25280287
263750,75.955222749,20033190
293615,101.924775642,29926643
401367,122.79757429,49286894
